Company,Valuation ($B),Date Joined,Year Joined,Country,City,Industry,Investor_1,Investor_2,Investor_3,Investor_4
ByteDance,$140,04/07/2017,2017,China,Beijing,Artificial intelligence,Sequoia Capital China, SIG Asia Investments, Sina Weibo, Softbank Group
SpaceX,$127,12/01/2012,2012,United States,Hawthorne,Other,Founders Fund, Draper Fisher Jurvetson, Rothenberg Ventures,
SHEIN,$100,07/03/2018,2018,China,Shenzhen,E-commerce & direct-to-consumer,Tiger Global Management, Sequoia Capital China, Shunwei Capital Partners,
Canva,$40,01/08/2018,2018,Australia,Surry Hills,Internet software & services,Sequoia Capital China, Blackbird Ventures, Matrix Partners,
Checkout.com,$40,05/02/2019,2019,United Kingdom,London,Fintech,Tiger Global Management, Insight Partners, DST Global,
Databricks,$38,02/05/2019,2019,United States,San Francisco,Data management & analytics,Andreessen Horowitz, New Enterprise Associates, Battery Ventures,
Fanatics,$27,06/06/2012,2012,United States,Jacksonville,E-commerce & direct-to-consumer,SoftBank Group, Andreessen Horowitz, Temasek Holdings,
Chime,$25,03/05/2019,2019,United States,San Francisco,Fintech,Forerunner Ventures, Crosslink Capital, Homebrew,
J&T Express,$20,04/07/2021,2021,Indonesia,Jakarta,"Supply chain, logistics, & delivery",Hillhouse Capital Management, Boyu Capital, Sequoia Capital China,
Miro,$17.50,01/05/2022,2022,United States,San Francisco,Internet software & services,Accel, AltaIR Capital, Technology Crossover Ventures,
goPuff,$15,10/08/2020,2020,United States,Philadelphia,"Supply chain, logistics, & delivery",Accel, Softbank Group, Anthos Capital,
Yuanqi Senlin,$15,03/01/2020,2020,China,Beijing,Consumer & retail,Sequoia Capital China, Longfor Capitalm, Gaorong Capital,
Plaid,$13.50,12/11/2018,2018,United States,San Francisco,Fintech,New Enterprise Associates, Spar Capital, Index Ventures,
Grammarly,$13,10/10/2019,2019,United States,San Francisco,Internet software & services,General Catalyst, Institutional Venture Partners, Breyer Capital,
Brex,$12.30,10/05/2018,2018,United States,San Francisco,Fintech,DST Global, Ribbit Capital, Greenoaks Capital Management,
Bitmain Technologies,$12,07/06/2018,2018,China,Beijing,Hardware,Coatue Management, Sequoia Capital China, IDG Capital,
Biosplice Therapeutics,$12,08/06/2018,2018,United States,San Diego,Health,Vickers Venture Partners, IKEA GreenTech,,
ZongMu Technology,$11.40,06/03/2021,2021,China,Shanghai,Auto & transportation,LTW Capital, Legend Capital, Qualcomm Ventures,
Rippling,$11.25,08/04/2020,2020,United States,San Francisco,Internet software & services,Initialized Capital, Y Combinator, Kleiner Perkins Caufield & Byers,
Bolt,$11,10/08/2021,2021,United States,San Francisco,Fintech,Activant Capital, Tribe Capital, General Atlantic,
Weilong,$10.88,05/08/2021,2021,China,Luohe,Consumer & retail,Tencent Holdings, Hillhouse Capital Management, Yunfeng Capital,
Chehaoduo,$10,03/12/2016,2016,China,Beijing,E-commerce & direct-to-consumer,Sequoia Capital China, GX Capital,,
Talkdesk,$10,10/03/2018,2018,United States,San Francisco,Internet software & services,DJF, Salesforce Ventures, Storm Ventures,
Notion Labs,$10,04/01/2020,2020,United States,San Francisco,Internet software & services,Index Ventures, Draft Ventures, Felicis Ventures,
Digital Currency Group,$10,11/01/2021,2021,United States,New York,Fintech,Ribbit Capital, capitalG, Softbank Group,
KuCoin,$10,05/10/2022,2022,Seychelles,Victoria,Fintech,IDG Capital, Matrix Partners China, Jump Crypto,
OutSystems,$9.50,06/05/2018,2018,United States,Boston,Internet software & services,KKR, ES Ventures, North Bridge Growth Equity,
HEYTEA,$9.28,07/01/2019,2019,China,Shenzhen,Other,Sequoia Capital China, Tencent Investment, BA Capital,
N26,$9.23,01/10/2019,2019,Germany,Berlin,Fintech,Redalpine Venture Partners, Earlybird Venture Capital, Valar Ventures,
Northvolt,$9.08,06/12/2019,2019,Sweden,Stockholm,Other,Vattenfall, Volkswagen Group, Goldman Sachs,
Rapyd,$8.75,12/03/2019,2019,United Kingdom,London,Fintech,Target Global, General Catalyst, Durable Capital Partners,
Kavak,$8.70,10/01/2020,2020,Mexico,Lerma de Villada,E-commerce & direct-to-consumer,DST Global, SoftBank Group, Mountain Nazca,
Nuro,$8.60,02/11/2019,2019,United States,Mountain View,Auto & transportation,SoftBank Group, Greylock Partners, Gaorong Capital,
Pony.ai,$8.50,07/11/2018,2018,United States,Fremont,Artificial intelligence,Sequoia Capital China, IDG Capital, DCM Ventures,
Lacework,$8.30,01/07/2021,2021,United States,San Jose,Cybersecurity,Sutter Hill Ventures, Liberty Global Ventures, Coatue Management,
Tipalti,$8.30,10/06/2020,2020,United States,San Mateo,Fintech,01 Advisors, Zeev Ventures, Group 11,
Dream11,$8,04/09/2019,2019,India,Mumbai,Internet software & services,Kaalari Capital, Tencent Holdings, Steadview Capital,
FalconX,$8,08/10/2021,2021,United States,San Mateo,Fintech,Tiger Global Management, American Express Ventures, B Capital Group,
Caris Life Sciences,$7.83,05/12/2021,2021,United States,Irving,Health,Sixth Street Partners, OrbiMed Advisors, Highland Capital Management,
Hopin,$7.75,11/10/2020,2020,United Kingdom,London,Internet software & services,Accel, Northzone Ventures, Institutional Venture Partners,
Razorpay,$7.50,10/11/2020,2020,India,Bengaluru,Fintech,Sequoia Capital India, Tiger Global Management, Matrix Partners India,
Carta,$7.40,05/06/2019,2019,United States,San Francisco,Fintech,Menlo Ventures, Spark Capital, Union Square Ventures,
Scale AI,$7.30,08/05/2019,2019,United States,San Francisco,Artificial intelligence,Accel, Y Combinator, Index Ventures,
Argo AI,$7.25,07/12/2019,2019,United States,Pittsburgh,Auto & transportation,Volkswagen Group, Ford Autonomous Vehicles,,
Gong,$7.25,08/12/2020,2020,United States,Palo Alto,Artificial intelligence,Norwest Venture Partners, Next World Capital, Wing Venture Capital,
TripActions,$7.25,11/08/2018,2018,United States,Palo Alto,Travel,Andreessen Horowitz, Lightspeed Venture Partners, Zeev Ventures,
Automation Anywhere,$6.80,07/02/2018,2018,United States,San Jose,Artificial intelligence,General Atlantic, Goldman Sachs, New Enterprise Associates,
1Password,$6.80,07/08/2021,2021,Canada,Toronto,Cybersecurity,Slack Fund, Accel, Skip Capital,
Klarna,$6.70,12/12/2011,2011,Sweden,Stockholm,Fintech,Institutional Venture Partners, Sequoia Capital, General Atlantic,
SVOLT,$6.51,06/08/2020,2020,China,Changzhou,Auto & transportation,IDG Capital, Bank Of China Group Investment,, SDIC CMC Investment Management
National Stock Exchange of India,$6.50,07/01/2020,2020,India,Mumbai,Fintech,TA Associates, SoftBank Group, GS Growth,
Mollie,$6.50,09/08/2020,2020,Netherlands,Amsterdam,Fintech,Technology Crossover Ventures,,,
Upgrade,$6.28,02/12/2018,2018,United States,San Francisco,Fintech,Union Square Ventures, Ribbit Capital, VY Capital,
Hinge Health,$6.20,01/06/2021,2021,United States,San Francisco,Health,Atomico, Insight Partners, Coatue Management,
Better.com,$6,11/10/2020,2020,United States,New York,Fintech,Pine Brook, American Express Ventures, Kleiner Perkins Caufield & Byers,
Easyhome,$5.78,02/12/2018,2018,China,Beijing,Consumer & retail,Alibaba Group, Boyu Capital, Borui Capital,
Lianjia,$5.77,04/07/2016,2016,China,Beijing,E-commerce & direct-to-consumer,Tencent, Baidu, Huasheng Capital,
Vice Media,$5.70,04/02/2011,2011,United States,Brooklyn,Internet software & services,Technology Crossover Ventures, A&E Television Networks,,
Cityblock Health,$5.70,12/10/2020,2020,United States,Brooklyn,Health,Thrive Capital, Maverick Ventures, Redpoint Ventures,
Workato,$5.70,01/12/2021,2021,United States,Mountain View,Internet software & services,Battery Ventures, Storm Ventures, Redpoint Ventures,
Postman,$5.60,06/11/2020,2020,United States,San Francisco,Internet software & services,Nexus Venture Partners, CRV, Insight Partners,
OneTrust,$5.10,07/11/2019,2019,United States,Atlanta,Internet software & services,Insight Partners,,,
QuintoAndar,$5.10,09/09/2019,2019,Brazil,Campinas,E-commerce & direct-to-consumer,Kaszek Ventures, General Atlantic, SoftBank Group,
C6 Bank,$5.05,12/02/2020,2020,Brazil,Sao Paulo,Fintech,Credit Suisse,,,
Hello TransTech,$5,06/01/2018,2018,China,Shanghai,Auto & transportation,Ant Financial Services Group, GGV Capital,,
Mambu,$5.50,01/06/2021,2021,Netherlands,Amsterdam,Fintech,Runa Capital, Acton Capital Partners, Point Nine Capital,
Toss,$5.48,12/09/2018,2018,South Korea,Seoul,Fintech,Bessemer Venture Partners, Qualcomm Ventures, Kleiner Perkins Caufield & Byers,
WM Motor,$5,03/08/2019,2019,China,Shanghai,Auto & transportation,Baidu Capital, Linear Venture, Tencent,
OakNorth Bank,$5,10/12/2017,2017,United Kingdom,London,Fintech,Clermont Group, Coltrane Asset Management, Toscafund Asset Management,
Cockroach Labs,$5,01/12/2021,2021,United States,New York,Data management & analytics,Google Ventures, Benchmark, FirstMark Capital,
Qonto,$5,01/11/2022,2022,France,Paris,Fintech,Alven Capital, Valar Ventures, Tencent Holdings,
Ola Electric Mobility,$5,07/02/2019,2019,India,Bengaluru,Auto & transportation,SoftBank Group, Tiger Global Management, Matrix Partners India,
ShareChat,$5,04/08/2021,2021,India,Bengaluru,Internet software & services,India Quotient, Elevation Capital, Lightspeed Venture Partners,
Meesho,$4.90,04/05/2021,2021,India,Bengaluru,Internet software & services,Venture Highway, Sequoia Capital India, Prosus Ventures,
Cerebral,$4.80,06/10/2021,2021,United States,San Francisco,Health,Oak HC/FT Partners, Artis Ventures, WestCap Group,
Reify Health,$4.80,08/10/2021,2021,United States,Boston,Health,Sierra Ventures, Battery Ventures, Asset Management Ventures,
Pleo,$4.70,07/06/2021,2021,Denmark,Copenhagen,Fintech,Creandum, Founders, Kinnevik,
Anduril,$4.60,09/11/2019,2019,United States,Irvine,Artificial intelligence,Andreessen Horowitz, Founders Fund, Revolution Ventures,
Dataiku,$4.60,12/04/2019,2019,United States,New York,Artificial intelligence,Alven Capital, FirstMark Capital, capitalG,
Color,$4.60,01/04/2021,2021,United States,Burlingame,Health,General Catalyst, Viking Global Investors, T. Rowe Price,
VIPKid,$4.50,08/04/2016,2016,China,Beijing,Edtech,Sequoia Capital China, Tencent Holdings, Sinovation Ventures,
wefox,$4.50,03/05/2019,2019,Germany,Berlin,Fintech,Salesforce Ventures, Seedcamp, OMERS Ventures,
Zhiji Auto,$4.50,08/01/2022,2022,China,Shanghai,Auto & transportation,Pudong VC, Zhiyou Venture Capital,,
ThoughtSpot,$4.20,05/08/2018,2018,United States,Sunnyvale,Internet software & services,Lightspeed Venture Partners, Khosla Ventures, Geodesic Capital,
SSENSE,$4.15,06/08/2021,2021,Canada,Montreal,E-commerce & direct-to-consumer,Sequoia Capital,,,
Dataminr,$4.10,06/04/2018,2018,United States,New York,Artificial intelligence,Venrock, Institutional Venture Partners, Goldman Sachs,
CRED,$4.01,04/06/2021,2021,India,Bengaluru,Fintech,Tiger Global Management, DST Global, Sequoia Capital India,
Yello Mobile,$4,11/11/2014,2014,South Korea,Seoul,Mobile & telecommunications,Formation 8,,,
Next Insurance,$4,10/07/2019,2019,United States,Palo Alto,Fintech,Zeev Ventures, Ribbit Capital, TLV Partners,
Patreon,$4,09/02/2020,2020,United States,San Francisco,Internet software & services,Index Ventures, Thrive Capital, CRV,
PointClickCare,$4,01/07/2021,2021,Canada,Mississauga,Internet software & services,Dragoneer Investment Group, Hellman & Friedman, JMI Equity,
Olive,$4,12/01/2020,2020,United States,Columbus,Health,Drive Capital, General Catalyst, Ascension Ventures,
Farmers Business Network,$4,08/03/2020,2020,United States,San Carlos,Other,Blackrock, Kleiner Perkins Caulfield & Byers, Google Ventures,
Branch,$4,09/10/2018,2018,United States,Redwood City,Mobile & telecommunications,New Enterprise Associates, Pear, Cowboy Ventures,
Abnormal Security,$4,05/10/2022,2022,United States,San Francisco,Cybersecurity,Greylock Partners, Insight Partners,Menlo Ventures,
Intarcia Therapeutics,$3.80,04/01/2014,2014,United States,Boston,Health,New Enterprise Associates, New Leaf Venture Partners, Charter Venture Capital,
MessageBird,$3.80,10/08/2020,2020,Netherlands,Amsterdam,Mobile & telecommunications,Y Combinator, Atomico, Accel,
Articulate,$3.75,07/01/2021,2021,United States,New York,Edtech,Blackstone, ICONIQ Growth, General Atlantic,
Cohesity,$3.70,06/11/2018,2018,United States,San Jose,Data management & analytics,SoftBank Group, Sequoia Capital, Wing Venture Capital,
Papaya Global,$3.70,03/04/2021,2021,United States,New York,Internet software & services,Bessemer Venture Partners, Insight Partners, New Era Ventures,
Course Hero,$3.60,02/12/2020,2020,United States,Redwood City,Edtech,NewView Capital, Maveron, Ridge Ventures,
Celsius Network,$3.50,10/12/2021,2021,United States,Hoboken,Fintech,WestCap Group, Caisse de depot et placement du Quebec,,
Handshake,$3.50,05/12/2021,2021,United States,San Francisco,Internet software & services,Kleiner Perkins Caufield & Byers, Lightspeed Venture Partners, True Ventures,
Helion Energy,$3.50,11/05/2021,2021,United States,Redmond,Other,Mithril Capital Management, Y Combinator, Capricorn Investment Group,
Unacademy,$3.44,09/02/2020,2020,India,Bengaluru,Edtech,Blume Ventures, Nexus Venture Partners, Sequoia Capital India,
Youxia Motors,$3.35,04/02/2018,2018,China,Shanghai,Auto & transportation,China Environmental Protection Industry, China Fortune Ocean,,
Starburst,$3.35,01/06/2021,2021,United States,Boston,Data management & analytics,Index Ventures, Coatue Management, Andreessen Horowitz,
Starling Bank,$3.34,03/08/2021,2021,United Kingdom,London,Fintech,JTC Group, Qatar Investment Authority, Fidelity Investment,
Kurly,$3.30,07/09/2021,2021,South Korea,Seoul,"Supply chain, logistics, & delivery",Sequoia Capital China, DST Global, DST Global,
Dadi Cinema,$3.24,05/11/2016,2016,China,Shenzhen,Other,Alibaba Pictures Group,,,
Cedar,$3.20,03/09/2021,2021,United States,New York,Fintech,Thrive Capital, Founders Fund, Cocnord Health Partners,
Eruditus Executive Education,$3.20,08/12/2021,2021,India,Mumbai,Edtech,Sequoia Capital India, Softbank, Bertelsmann India Investments,
Skims,$3.20,04/09/2021,2021,United States,Los Angeles,E-commerce & direct-to-consumer,Thrive Capital, Alliance Consumer Growth, Imaginary Ventures,
Eikon Therapeutics,$3.20,01/06/2022,2022,United States,Hayward,Health,The Column Group, Foresite Capital, Foresite Capital,
Udaan,$3.10,09/04/2018,2018,India,Bengaluru,"Supply chain, logistics, & delivery",DST Global, Lightspeed Venture Partners, Microsoft ScaleUp,
HighRadius,$3.10,01/07/2020,2020,United States,Houston,Fintech,Susquehanna Growth Equity, Citi Ventures, ICONIQ Capital,
Traveloka,$3,01/01/2017,2017,Indonesia,Jakarta,Travel,Global Founders Capital, East Ventures, Expedia Inc.,
SouChe Holdings,$3,11/01/2017,2017,China,Hangzhou,E-commerce & direct-to-consumer,Morningside Ventures, Warburg Pincus, CreditEase Fintech Investment Fund,
Wildlife Studios,$3,12/05/2019,2019,Brazil,Sao Paulo,Other,Benchmark, Bessemer Venture Partners,,
ApplyBoard,$3.20,05/05/2020,2020,Canada,Kitchener,Edtech,Artiman Ventures, Plug and Play Ventures, Anthos Capital,
BlockFi,$3,03/11/2021,2021,United States,Jersey City,Fintech,ConsenSys Ventures, Valar Ventures, PUC,
Age of Learning,$3,05/03/2016,2016,United States,Glendale,Edtech,Iconiq Capital,,,
LaunchDarkly,$3,08/10/2021,2021,United States,Oakland,Internet software & services,Uncork Capital, Threshold Ventures, Bloomberg Beta,
Sky Mavis,$3,10/04/2021,2021,Vietnam,Ho Chi Minh City,Internet software & services,Fabric Ventures, 500 Global, Standard Crypto,
Groww,$3,04/07/2021,2021,India,Bengaluru,Fintech,Tiger Global Management, Sequoia Capital India, Ribbit Capital,
Podium,$3,04/07/2020,2020,United States,Lehi,Internet software & services,Accel, Summit Partners, Google Ventures,
Flutterwave,$3,03/09/2021,2021,United States,San Francisco,Fintech,Green Visor Capital, CRE Venture Capital, Greycroft,
Cross River Bank,$3,02/11/2022,2022,United States,Fort Lee,Fintech,Battery Ventures, Andreessen Horowitz, Ribbit Capital,
Loft,$2.90,01/03/2020,2020,Brazil,Sao Paulo,E-commerce & direct-to-consumer,Monashees+, Andreessen Horowitz, QED Investors,
Flink,$2.85,12/01/2021,2021,Germany,Berlin,E-commerce & direct-to-consumer,Mubadala Capital, Bond, Prosus Ventures,
BackBase,$2.66,06/09/2022,2022,Netherlands,Amsterdam,Fintech,Motive Partners,,,
ManoMano,$2.60,07/05/2021,2021,France,Paris,E-commerce & direct-to-consumer,General Atlantic, Piton Capital, Partech Partners,
Axonius,$2.60,03/01/2021,2021,United States,New York,Cybersecurity,Vertex Ventures Israel, Bessemer Venture Partners, Emerge,
Xinchao Media,$2,04/09/2018,2018,China,Chengdu,Internet software & services,JD.com, Baidu, Vision Plus Capital,
Unico,$2.60,08/03/2021,2021,Brazil,Sao Paulo,Artificial intelligence,Big Bets, General Atlantic, SOFTBANK Latin America Ventures,
Oura,$2.55,04/05/2022,2022,Finland,Oulu,Health,Forerunner Ventures, Lifeline Ventures, MSD Capital,
Varo Bank,$2.50,09/09/2021,2021,United States,San Francisco,Fintech,Warburg Pincus, The Rise Fund, HarbourVest Partners,
Aura,$2.50,06/09/2021,2021,United States,Burlington,Cybersecurity,Warburg Pincus, General Catalyst,,
Immutable,$2.50,03/07/2022,2022,Australia,Sydney,Fintech,Fabric Ventures, AirTree Ventures, Temasek,
A24 Films,$2.50,03/09/2022,2022,United States,New York,Other,Stripes Group, Neuberger Berman,,
Hibob,$2.45,10/12/2021,2021,Israel,Tel Aviv,Internet software & services,Bessemer Venture Partners, Eight Roads Ventures, Battery Ventures,
Cybereason,$2.44,08/06/2019,2019,United States,Boston,Cybersecurity,SoftBank Group, CRV, Spark Capital,
EquipmentShare,$2.41,05/01/2020,2020,United States,Columbia,Fintech,Romulus Capital, Insight Partners, RedBird Capital Partners,
PolicyBazaar,$2.40,05/06/2019,2019,India,Gurgaon,Fintech,Info Edge, Softbank Capital,,
Exabeam,$2.40,06/01/2021,2021,United States,Foster City,Cybersecurity,Norwest Venture Partners, Aspect Ventures, Lightspeed Venture Partners,
HoneyBook,$2.40,05/04/2021,2021,United States,San Francisco,Internet software & services,Norwest Venture Partners, Hillsven Capital, Aleph,
Project44,$2.62,06/01/2021,2021,United States,Chicago,"Supply chain, logistics, & delivery",Emergence Capital Partners, 8VC, Chicago Ventures,
ManyPets,$2.35,06/01/2021,2021,United Kingdom,London,Fintech,Octopus Ventures, Munich Re Ventures, CommerzVentures,
Jobandtalent,$2.35,12/01/2021,2021,Spain,Madrid,Internet software & services,Kibo Ventures, SoftBank Group, Atomico,
WEMAKEPRICE,$2.34,09/09/2015,2015,South Korea,Seoul,E-commerce & direct-to-consumer,IMM Investment, NXC,,
Skydance Media,$2.30,02/11/2020,2020,United States,Santa Monica,Other,RedBird Capital Partners, CJ ENM, Tencent Holdings,
MoMo,$2.27,12/10/2021,2021,Vietnam,Ho Chi Minh City,Fintech,Goodwater Capital, Warburg Pincus, GS Growth,
Zume,$2.25,11/01/2018,2018,United States,Mountain View,Consumer & retail,Softbank Group, AME Cloud Ventures, SignalFire,
Pattern,$2.25,10/06/2021,2021,United States,Lehi,Internet software & services,Knox Lane, Ainge Advisory, Carlson Private Capital Partners,
Newfront Insurance,$2.20,04/12/2022,2022,United States,San Francisco,Fintech,Founders Fund, Meritech Capital Partners, GS Growth,
MUSINSA,$2.20,11/11/2019,2019,South Korea,Seoul,E-commerce & direct-to-consumer,Sequoia Capital,,,
Bitso,$2.20,05/05/2021,2021,Mexico,Mexico City,Fintech,Pantera Capital, QED Investors, Coinbase Ventures,
Gympass,$2.20,06/12/2019,2019,United States,New York,Internet software & services,General Atlantic, SoftBank Group, Atomico,
Dialpad,$2.20,10/06/2020,2020,United States,San Francisco,Internet software & services,Andreessen Horowitz, Google Ventures, Section 32,
Huaqin Telecom Technology,$2.19,10/08/2019,2019,China,Shanghai,Mobile & telecommunications,Zhangjiang Haocheng Venture Capital, Walden International, Intel Capital,
Accelerant,$2.19,01/12/2022,2022,United Kingdom,Colchester,Other,Deer Park Road, Altamont Capital Partners, Eldridge,
Hesai Tech,$2.18,08/01/2020,2020,China,Shanghai,Artificial intelligence,Lightspeed China Partners, Baidu Ventures, Qiming Venture Partners,
YITU Technology,$2.17,03/08/2018,2018,China,Shanghai,Artificial intelligence,Sequoia Capital China, Banyan Capital,,
CloudWalk,$2.15,09/08/2021,2021,Brazil,Sao Paulo,Fintech,Plug and Play Ventures, Valor Capital Group, DST Global,
CoinDCX,$2.15,08/10/2021,2021,India,Maharashtra,Fintech,Polychain Capital, Coinbase Ventures, Jump Capital,
FirstCry,$2.10,02/07/2020,2020,India,Pune,E-commerce & direct-to-consumer,SoftBank Group, SAIF Partners India, Valiant Capital Partners,
ReCharge,$2.10,05/06/2021,2021,United States,Los Angeles,Fintech,ICONIQ Growth, Bain Capital Ventures, Summit Partners,
GoCardless,$2.10,02/08/2022,2022,United Kingdom,London,Fintech,Accel, Passion Capital, Balderton Capital,
Tubatu.com,$2,03/09/2015,2015,China,Shenzhen,E-commerce & direct-to-consumer,Sequoia Capital China, Matrix Partners China, 58.com,
HuiMin,$2,09/05/2016,2016,China,Beijing,E-commerce & direct-to-consumer,Zheshang Venture Capital, GP Capital, Western Capital Management,
Improbable,$1,05/11/2017,2017,United Kingdom,London,Other,Andreessen Horowitz, SoftBank Group, Temasek Holdings,
Formlabs,$2,08/01/2018,2018,United States,Somerville,Hardware,Pitango Venture Capital, DFJ Growth Fund, Foundry Group,
Calm,$2,02/06/2019,2019,United States,San Francisco,Internet software & services,Insight Venture Partners, TPG Growth, Sound Ventures,
Unqork,$2,10/06/2020,2020,United States,New York,Fintech,Blackrock, capitalG, World Lab Innovation,
Virta Health,$2,12/02/2020,2020,United States,San Francisco,Health,Caffeinated Capital, Obvious Ventures, Venrock,
Kajabi,$2,05/04/2021,2021,United States,Irvine,Internet software & services,Meritech Capital Partners, Tiger Global Management, Spectrum Equity,
Ethos,$2.70,05/11/2021,2021,United States,San Francisco,Fintech,Sequoia Capital, Google Ventures, Accel,
PayFit,$2.10,01/06/2022,2022,United Kingdom,London,Fintech,Accel, frst, Kima Ventures,
Beisen,$2,05/11/2021,2021,China,Beijing,Internet software & services,Matrix Partners China, Sequoia Capital China, Genesis Capital,
Clip,$2,06/10/2021,2021,Mexico,Mexico City,Fintech,Alta Ventures Mexico, General Atlantic, SoftBank Group,
Loggi,$2,06/05/2019,2019,Brazil,Sao Paulo,"Supply chain, logistics, & delivery",Qualcomm Ventures, SoftBank Group. Monashees+,,
OCSiAl,$2,03/04/2019,2019,Luxembourg,Leudelange,Other,A&NN, Rusnano,,
XtalPi,$2,08/11/2021,2021,China,Shenzhen,Artificial intelligence,Tencent Holdings, 5Y Capital, Sequoia Capital China,
Aviatrix,$2,09/08/2021,2021,United States,Santa Clara,Internet software & services,Ignition Partners, Formation 8, CRV,
SmartNews,$2,08/05/2019,2019,Japan,Tokyo,Mobile & telecommunications,Japan Post Capital, Globis Capital Partners, Atomico,
Modern Treasury,$2,10/06/2021,2021,United States,San Francisco,Fintech,Benchmark, Altimeter Capital, Quiet Capital,
Mynt,$2,11/01/2021,2021,Philippines,Taguig City,Fintech,Insight Partners, Warburg Pincus, Ayala Corporation,
Everlaw,$2,03/10/2020,2020,United States,Oakland,Internet software & services,K9 Ventures, Menlo Ventures, Andreessen Horowitz,
Zilch,$2,11/10/2021,2021,United Kingdom,London,Fintech,Gauss Ventures, Ventura Capital, dmg ventures,
VerbIT,$2,06/08/2021,2021,United States,New York,Artificial intelligence,ClalTech, Vertex Ventures, Oryzn Capital,
Dremio,$2,01/06/2021,2021,United States,Santa Clara,Data management & analytics,Lightspeed Venture Partners, Redpoint Ventures, Norwest Venture Partners,
Lunar,$2,07/12/2021,2021,Denmark,Aarhus,Fintech,SEED Capital, Greyhound Capital, Socii Capital,
UpGrad,$2.25,08/09/2021,2021,India,Mumbai,Edtech,Qualcomm Ventures, Accel, Canaan Partners,
Hugging Face,$2,05/09/2022,2022,United States,New York,Artificial intelligence,Betaworks Ventures, Addition, Lux Capital,
Rimac Automobili,$2,06/01/2022,2022,Croatia,Sveta Nedelja,Auto & transportation,Porsche, ,InvestIndustrial, SoftBank Group
ZigBang,$1.93,06/07/2022,2022,South Korea,Seoul,Mobile & telecommunications,Black Pearl Ventures, Stonebridge Ventures, Yuanta Investment Korea,
Ankorstore,$1.98,01/10/2022,2022,France,Paris,E-commerce & direct-to-consumer,Global Founders Capital, Aglae Ventures, Alven Capital,
Fenbi Education,$1.95,02/07/2021,2021,China,Beijing,Edtech,Trustbridge Partners, Hony Capital, IDG Capital,
InVision,$1.90,11/01/2017,2017,United States,New York,Internet software & services,FirstMark Capital, Tiger Global Management, ICONIQ Capital,
eDaili,$1.90,02/01/2019,2019,China,Shanghai,E-commerce & direct-to-consumer,K2VC, Lightspeed China Partners, Sky9 Capital,
CoinSwitch Kuber,$1.90,10/06/2021,2021,India,Bangalore,Fintech,Tiger Global Management, Sequoia Capital India, Ribbit Capital,
Acorns,$1.90,03/09/2022,2022,United States,Irvine,Fintech,e.ventures, Bain Capital Ventures, Greycroft,
Roofstock,$1.94,03/10/2022,2022,United States,Oakland,Fintech,Khosla Ventures, Bain Capital Ventures, Lightspeed Venture Partners,
thatgamecompany,$1.94,03/03/2022,2022,United States,Los Angeles,Internet software & services,Benchmark, Sequoia Capital, TPG Capital,
Material Bank,$1.90,05/06/2022,2022,United States,Boca Raton,E-commerce & direct-to-consumer,Bain Capital Ventures, SoftBank Group, Fifth Wall Ventures,
Volocopter,$1.87,03/04/2022,2022,Germany,Bruchsal,Auto & transportation,btov Partners, Geely, Intel Capital,
FullStory,$1.80,08/04/2021,2021,United States,Atlanta,Internet software & services,Google Ventures, Kleiner Perkins Caufield & Byers, Stripes Group,
Trulioo,$1.75,06/07/2021,2021,Canada,Vancouver,Cybersecurity,Blumberg Capital, American Express Ventures, BDC Venture Capital,
DispatchHealth,$1.70,03/03/2021,2021,United States,Denver,Health,Alta Partners, Questa Capital, Echo Health Ventures,
Saliogen Therapeutics,$1.70,12/07/2021,2021,United States,Cambridge,Health,PBM Capital Group, T. Rowe Price, D1 Capital Partners,
Pax8,$1.70,04/11/2022,2022,United States,Greenwood Village,Internet software & services,Liberty Global Ventures, Sageview Capital, Blue Cloud Ventures,
Multiverse,$1.70,06/08/2022,2022,United Kingdom,London,Edtech,Lightspeed Venture Partners, Google Ventures, General Catalyst,
CircleCI,$1.70,05/11/2021,2021,United States,San Francisco,Internet software & services,Threshold Ventures, Baseline Ventures, Harrison Metal,
Wave,$1.70,09/07/2021,2021,Senegal,Dakar,Fintech,Stripe, Founders Fund, Partech Partners,
Vestiaire Collective,$1.70,03/01/2021,2021,France,Paris,E-commerce & direct-to-consumer,Eurazeo, IDInvest Partners, Balderton Capital,
Reltio,$1.70,11/04/2021,2021,United States,Redwood City,Data management & analytics,Crosslink Capital, .406 Ventures, Sapphire Ventures,
H2O.ai,$1.70,11/07/2021,2021,United States,Mountain View,Artificial intelligence,Nexus Venture Partners, Transamerica Ventures, Crane Venture Partners,
ZenBusiness,$1.70,11/09/2021,2021,United States,Austin,Fintech,Greycroft, Lerer Hippeau, Geekdom Fund,
Carsome,$1.70,07/12/2021,2021,Malaysia,Selangor,E-commerce & direct-to-consumer,Gobi Partners, 500 Startups, Ondine Capital,
Productboard,$1.70,02/02/2022,2022,United States,San Francisco,Internet software & services,Index Ventures, Kleiner Perkins Caufield & Byers, Bessemer Venture Partners,
Jusfoun Big Data,$1.62,07/09/2018,2018,China,Beijing,Data management & analytics,Boxin Capital, DT Capital Partners, IDG Capital,
Transcarent,$1.62,01/11/2022,2022,United States,San Francisco,Health,Alta Partners, General Catalyst, Jove Equity Partners,
Clari,$2.60,03/03/2021,2021,United States,Sunnyvale,Internet software & services,Sequoia Capital, Bain Capital Ventures, enaya Capital,
SafetyCulture,$1.60,05/03/2021,2021,Australia,Sydney,Internet software & services,Blackbird Ventures, IndexVentures, Tiger Global Management,
SmartHR,$1.60,06/08/2021,2021,Japan,Tokyo,Fintech,BEENEXT, World Innovation Lab, Light Street Capital,
Mercury,$1.60,07/03/2021,2021,United States,San Francisco,Fintech,Andreessen Horowitz, Coatue Management, Clocktower Technology Ventures,
HomeLight,$1.70,09/02/2021,2021,United States,San Francisco,Fintech,Zeev Ventures, Menlo Ventures,Crosslink Capital,
ezCater,$1.60,04/02/2019,2019,United States,Boston,"Supply chain, logistics, & delivery",Insight Venture Partners, ICONIQ Capital, Launchpad Venture Group,
Wayflyer,$1.60,02/01/2022,2022,Ireland,Dublin,Fintech,QED Investors, DST Global, Left Lane Capital,
Nord Security,$1.60,04/07/2022,2022,Lithuania,Vilnius,Cybersecurity,General Catalyst, BaltCap, Novator Partners,
Vanta,$1.60,06/07/2022,2022,United States,San Francisco,Cybersecurity,Craft Ventures, Sequoia Capital, Verissimo Ventures,
Promasidor Holdings,$1.59,11/08/2016,2016,South Africa,Bryanston,Consumer & retail,IFC, Ajinomoto,,
Iluvatar CoreX,$1.55,03/01/2021,2021,China,Shanghai,Hardware,Centurium Capital, Cedarlake Capital, Unicom Innovation Venture Capital,
Kitopi,$1.55,07/01/2021,2021,United Arab Emirates,Dubai,"Supply chain, logistics, & delivery",CE-Ventures, BECO Capital, Nordstar,
Carzone,$1.52,03/01/2019,2019,China,Jiangsu,E-commerce & direct-to-consumer,Alibaba Group,Co-Stone Venture Capital, Buhuo Venture Capital,
Mu Sigma,$1.50,02/07/2013,2013,United States,Northbrook,Data management & analytics,Sequoia Capital, General Atlantic,,
Kushki,$1.50,06/07/2022,2022,Ecuador,Quito,Fintech,Clocktower Technology Ventures, DILA Capital, Kaszek Ventures,
DT Dream,$1.50,06/08/2017,2017,China,Hangzhou,Data management & analytics,Alibaba Group, China Everbright Investment Management, Yinxinggu Capital,
XiaoZhu,$1.50,11/01/2017,2017,China,Beijing,Travel,Morningside Ventures, Capital Today, JOY Capital,
Uplight,$1.50,03/03/2021,2021,United States,Boulder,Other,Rubicon Technology Partners, Max Ventures, Inclusive Capital Partners,
Ledger,$1.50,06/10/2021,2021,France,Paris,Hardware,Digital Currency Group, Draper Esprit, Korelya Capital,
TaxBit,$1.50,08/04/2021,2021,United States,Draper,Fintech,Insight Partners, Coinbase Ventures, PayPal Ventures,
Lusha,$1.50,11/10/2021,2021,United States,New York,Internet software & services,PSG, ION Crossover Partners,,
CureFit,$1.50,11/10/2021,2021,India,Bengaluru,Health,Chiratae Ventures, Accel, Kalaari Capital,
Solugen,$1.50,09/10/2021,2021,United States,Houston,Other,Fifty Years Fund, Refactor Capital, Temasek,
StoreDot,$1.50,01/04/2022,2022,Israel,Herzliya,Other,Samsung Ventures, SingulariTeam, BP Ventures,
Il Makiage,$1.50,01/10/2022,2022,United States,New York,E-commerce & direct-to-consumer,L Catterton, Franklin Templeton, First Light Capital Group,
ElasticRun,$1.50,02/07/2022,2022,India,Pune,"Supply chain, logistics, & delivery",Kalaari Capital, Norwest Venture Partners, Prosus Ventures,
Boba,$1.50,04/05/2022,2022,United States,San Francisco,Fintech,DeFi Technologies, Hypersphere Ventures, M13,
Mashgin,$1.50,05/09/2022,2022,United States,Palo Alto,Artificial intelligence,New Enterprise Associates, Matrix Partmers, Susa Ventures,
Dock,$1.50,05/12/2022,2022,Brazil,Sao Paulo,Fintech,Viking Global Investors, Riverwood Capital, Lightrock,
Yipin Shengxian,$1.49,03/11/2019,2019,China,Hefei,E-commerce & direct-to-consumer,Eastern Bell Capital, Capital Today, Longzhu Capital,
Bordrin Motors,$1.48,06/03/2019,2019,China,Shanghai,Auto & transportation,China Grand Prosperity Investment, CSC Group,,
Arcadia,$1.48,05/10/2022,2022,United States,DC,Other,BoxGroup, Energy Impact Partners, Camber Creek,
Aleo,$1.45,02/07/2022,2022,United States,San Francisco,Cybersecurity,Slow Ventures, Andreessen Horowitz, SoftBank Group,
Valgen Medtech,$1.43,05/06/2021,2021,China,Hangzhou,Health,Sequoia Capital China, China Life Investment Holding Company, Qiming Venture Partners,
Papa,$1.40,11/04/2021,2021,United States,Miami,Health,Initialized Capital, Canaan Partners, Sound Ventures,
Envoy,$1.40,01/11/2022,2022,United States,San Francisco,Internet software & services,Andreessen Horowitz, Initialized Capital, TriplePoint Capital,
Epidemic Sound,$1.40,03/11/2021,2021,Sweden,Stockholm,Internet software & services,EQT Partners, Blackstone,,
Rebel Foods,$1.40,10/07/2021,2021,India,Pune,E-commerce & direct-to-consumer,Sequoia Capital India, Lightbox Ventures, Coatue Management,
Coda,$1.40,07/08/2021,2021,United States,Mountain View,Internet software & services,Greylock Partners, General Catalyst, Khosla Ventures,
Stash,$1.40,02/03/2021,2021,United States,New York,Fintech,Goodwater Capital, Entree Capital, Valar Ventures,
Clarify Health,$1.40,04/05/2022,2022,United States,San Francisco,Health,KKR, Aspenwood Ventures, Spark Capital,
Bucketplace,$1.40,05/09/2022,2022,South Korea,Seoul,E-commerce & direct-to-consumer,IMM Investment, Mirae Asset Capital, BOND,
Paddle,$1.40,05/09/2022,2022,United Kingdom,London,Fintech,Notion Capital, Kindred Capital, BGF Ventures,
Phenom People,$1.40,04/07/2021,2021,United States,Ambler,Internet software & services,Sierra Ventures, AXA Venture Partners, Sigma Prime Ventures,
GupShup,$1.40,04/08/2021,2021,United States,San Francisco,Internet software & services,Helion Venture Partners, Tiger Global management, CRV,
Scalable Capital,$1.40,06/08/2021,2021,Germany,Munich,Fintech,BlackRock, Tengelmann Ventures, Holtzbrinck Ventures,
Panther Labs,$1.40,12/02/2021,2021,United States,San Francisco,Cybersecurity,Innovation Endeavors, s28 Capital, Lightspeed Venture Partners,
Salt Security,$1.40,02/10/2022,2022,United States,Palo Alto,Cybersecurity,Y Combinator, S Capital, Tenaya Capital,
Veepee,$1.38,07/02/2007,2007,France,La Plaine Saint-Denis,E-commerce & direct-to-consumer,Summit Partners, Qatar Holding,,
Klook,$1.35,08/07/2018,2018,Hong Kong,Central,Travel,Sequoia Capital China, Goldman Sachs, Matrix Partners China,
HeartFlow,$1.30,12/04/2017,2017,United States,Redwood City,Health,BlueCross BlueShield Venture Partners, US Venture Partners,,
InSightec,$1.30,03/06/2020,2020,Israel,Tirat Carmel,Health,York Capital Management, GE Healthcare, Koch Disruptive Technologies,
Everly Health,$1.30,12/03/2020,2020,United States,Austin,Health,Highland Capital Partners, Next Coast Ventures, SoGal Ventures,
TalkingData,$1.30,01/06/2021,2021,China,Beijing,Mobile & telecommunications,N5 Capital, CR Capital Mgmt, JD Digits,
TravelPerk,$1.30,01/12/2022,2022,Spain,Barcelona,Travel,LocalGlobe, Kinnevik, Felix Capital,
iTrustCapital,$1.30,01/11/2022,2022,United States,Long Beach,Fintech,Left Lane Capital, Walden Venture Capital,,
Loadsmart,$1.30,02/01/2022,2022,United States,New York,"Supply chain, logistics, & delivery",Chromo Invest, Maersk Growth, BlackRock,
CredAvenue,$1.30,03/07/2022,2022,India,Chennai,Fintech,Insight Partners, B Capital Group, ,Lightspeed Venture Partners
Clipboard Health,$1.30,02/01/2022,2022,United States,San Francisco,Internet software & services,Caffeinated Capital, Initialized Capital, Y Combinator,
WTOIP,$1.27,04/08/2018,2018,China,Guangzhou,Internet software & services,Dark Horse Technology Group, Hopu Investment Management, Kefa Capital,
Greater Bay Technology,$1.26,04/02/2022,2022,China,Guangzhou,Hardware,Tencent Holdings, Utrust Venture Capital, GF Xinde Investment Management Co.,
Kuaikan Manhua,$1.25,12/01/2017,2017,China,Beijing,Internet software & services,Sequoia Capital China, CMC Capital Partners, Tencent Holdings,
Marshmallow,$1.25,09/08/2021,2021,United Kingdom,London,Fintech,Passion Capital, Hedosophia, Outrun Ventures,
Honor Technology,$1.25,10/05/2021,2021,United States,San Francisco,Internet software & services,Andreessen Horowitz, Prosus Ventures, Thrive Capital,
Mythical Games,$1.25,11/04/2021,2021,United States,Sherman Oaks,Internet software & services,Javelin Venture Partners, Struck Capital, Alumni Ventures Group,
Incode Technologies,$1.25,12/07/2021,2021,United States,San Francisco,Cybersecurity,Dila Capital, Framework Ventures, 3L,
Talos,$1.25,05/10/2022,2022,United States,New York,Fintech,Castle Island Ventures, PayPal Ventures, Andreessen Horowitz,
BrewDog,$1.24,04/10/2017,2017,United Kingdom,Aberdeen,Consumer & retail,TSG Consumer Partners, Crowdcube,,
Enflame,$1.24,01/05/2021,2021,China,Shanghai,Hardware,Tencent Holdings, Delta Capital, Redpoint Ventures China,
Shulan Health,$1.24,03/01/2021,2021,China,Hangzhou,Health,Qiming Venture Partners,,,
EQRx,$1.23,01/11/2021,2021,United States,Cambridge,Health,Nextech Invest, Casdin Capital, Google Ventures,
Nexii,$1.23,09/08/2021,2021,Canada,Vancouver,Other,Trane Technologies, Honeywell,,
inDriver,$1.23,02/01/2021,2021,United States,Mountain View,Auto & transportation,Leta Capital, Insight Partners, General Catalyst,
Spiber,$1.22,09/08/2021,2021,Japan,Tsuruoka,Other,Cool Japan Fund, JAFCO, The Carlyle Group,
Yiguo,$1.20,11/09/2016,2016,China,Shanghai,"Supply chain, logistics, & delivery",Alibaba Group, KKR, Goldman Sachs,
Tealium,$1.20,02/03/2021,2021,United States,San Diego,Internet software & services,Georgian Partners, Silver Lake, Presidio Ventures,
Ada Support,$1.20,05/07/2021,2021,Canada,Toronto,Artificial intelligence,Version One Ventures, Bessemer Venture Partners, FirstMark Capital,
Inari,$1.20,05/12/2021,2021,United States,Cambridge,Other,Flagship Pioneering, Alexandria Venture Investments, Investment Corporation of Dubai,
Alation,$1.20,06/03/2021,2021,United States,Redwood City,Internet software & services,Costanoa Ventures, Data Collective, Salesforce Ventures,
Rohlik Group,$1.20,07/01/2021,2021,Czech Republic,Prague,"Supply chain, logistics, & delivery",Partech Partners, Index Ventures, Quadrille Capital,
MindTickle,$1.20,08/03/2021,2021,United States,San Francisco,Internet software & services,Qualcomm Ventures, Accel, Canaan Partners,
Oda,$1.20,06/02/2021,2021,Norway,Oslo,E-commerce & direct-to-consumer,Kinnevik, Softbank Group, Prosus Ventures,
MyGlamm,$1.20,11/10/2021,2021,India,Mumbai,E-commerce & direct-to-consumer,L'Occitane, Trifecta Capital, Bessemer Venture Partners,
AgentSync,$1.20,12/07/2021,2021,United States,Denver,Fintech,Craft Ventures, Caffeinated Capital, Operator Collective,
Pristyn Care,$1.40,12/07/2021,2021,India,Gurugram,Health,Sequoia Capital India, Hummingbird Ventures, Epiq Capital,
Jokr,$1.20,12/02/2021,2021,United States,New York,"Supply chain, logistics, & delivery",GGV Capital, Tiger Global Management, Greycroft,
Merama,$1.20,12/09/2021,2021,Mexico,Mexico City,E-commerce & direct-to-consumer,SoftBank Latin America Fund, Advent International, Balderton Capital,
SeekOut,$1.20,01/12/2022,2022,United States,Bellevue,Internet software & services,Mayfield, Madrona Venture Group, Tiger Global Management,
BigPanda,$1.20,01/12/2022,2022,United States,Mountain View,Artificial intelligence,Advent International, Battery Ventures, Sequoia Capital Israel,
LivSpace,$1.20,02/08/2022,2022,India,Bengaluru,E-commerce & direct-to-consumer,Jungle Ventures, Helion Venture Partners, INGKA Investments,
Xpressbees,$1.20,02/09/2022,2022,India,Pune,"Supply chain, logistics, & delivery",Norwest Venture Partners, Investcorp, Blackstone,
Choco,$1.20,04/12/2022,2022,Germany,Berlin,E-commerce & direct-to-consumer,Bessemer Venture Partners, G Squared, Insight Partners,
Viz.ai,$1.20,04/07/2022,2022,United States,San Francisco,Artificial Intelligence,Kleiner Perkins Caufield & Byers, CRV, Threshold Ventures,
CloudBees,$1.15,12/09/2021,2021,United States,San Jose,Data management & analytics,Matrix Partners, Lightspeed Venture Partners, Verizon Ventures,
L&P Cosmetic,$1.19,01/01/2016,2016,South Korea,Seoul,Consumer & retail,CDIB Capital,,,
Modern Health,$1.17,02/11/2021,2021,United States,San Francisco,Health,Kleiner Perkins Caufield & Byers, Afore Capital, Founders Fund,
Venafi,$1.15,12/10/2020,2020,United States,Salt Lake City,Cybersecurity,Pelion Venture Partners, Foundation Capital, Thoma Bravo,
Elemy,$1.15,10/06/2021,2021,United States,San Francisco,Health,General Catalyst, Bling Capital, Felicis Ventures,
Happy Money,$1.15,02/08/2022,2022,United States,Tustin,Fintech,FirstMark Capital, Anthemis, CMFG Ventures,
DANA,$1.13,08/10/2022,2022,Indonesia,Jakarta,Fintech,Ant Group, Lazada, Sinar Mas Indonesia,
Visby Medical,$1.12,03/01/2022,2022,United States,San Jose,Health,Artiman Ventures, Pitango Venture Capital, Valo Ventures,
AppDirect,$1.10,10/07/2015,2015,United States,San Francisco,E-commerce & direct-to-consumer,Mithril, iNovia Capital, Foundry Group,
Sisense,$1.10,01/09/2020,2020,United States,New York,Data management & analytics,Opus Capital, Genesis Partners, Battery Ventures,
Pharmapacks,$1.10,11/12/2020,2020,United States,Islandia,E-commerce & direct-to-consumer,The Carlyle Group,,,
Nexthink,$1.10,02/08/2021,2021,Switzerland,Prilly,Data management & analytics,Auriga, Galeo Ventures, Highland Europe,
Zego,$1.10,03/09/2021,2021,United Kingdom,London,Fintech,LocalGlobe, Balderton Capital, Target Global,
Qingting FM,$1.10,06/02/2021,2021,China,Shanghai,Internet software & services,China Culture Industrial Investment Fund, We Capital, China Minsheng Investment Group,
Hailo,$1,10/12/2021,2021,Israel,Tel Aviv,Artificial intelligence,Glory Ventures, Maniv Mobility,,
People.ai,$1.10,08/11/2021,2021,United States,San Francisco,Internet software & services,GGV Capital, Lightspeed Venture Partners, ICONIQ Capital,
IntelyCare,$1.10,04/06/2022,2022,United States,Quincy,Health,Kaiser Permanente Ventures, Endeavour Vision, LRVHealth,
Teleport,$1.10,05/03/2022,2022,United States,Oakland,Cybersecurity,Kleiner Perkins Caufield & Byers, s28 Capital, Insight Partners,
Material Security,$1.10,05/11/2022,2022,United States,Redwood City,Cybersecurity,Andreessen Horowitz, Founders Fund,,
PhysicsWallah,$1.10,06/07/2022,2022,India,Uttar Pradesh,Edtech,GSV Ventures, WestBridge Capital,,
Recover,$1.10,06/09/2022,2022,Spain,Banyeres de Mariola,Other,Goldman Sachs Asset Management, STORY3 Capital Partners,,
Purplle,$1.10,06/09/2022,2022,India,Mumbai,E-commerce & direct-to-consumer,Blume Ventures, JSW Ventures, IvyCap Ventures,
CAIS,$1.10,01/11/2022,2022,United States,New York,Fintech,Franklin Templeton, Motive Partners. Apollo Global Management,,
Rivigo,$1.07,07/11/2019,2019,India,Gurgaon,"Supply chain, logistics, & delivery",SAIF Partners India, Warburg Pincus, Trifecta Capital Advisors,
Sendbird,$1.05,04/06/2021,2021,United States,San Mateo,Mobile & telecommunications,FundersClub, Y Combinator, Tiger Global Management,
Density,$1.05,11/10/2021,2021,United States,San Francisco,Hardware,Founders Fund, Upfront Ventures, ,01 Advisors
Branch,$1.05,03/01/2022,2022,United States,Columbus,Fintech,American Family Ventures, Greycroft, SignalFire,
Ample,$1.02,11/11/2021,2021,United States,San Francisco,Hardware,Shell Ventures, Blackstone, Moore Strategic Ventures,
Lookout,$1,10/10/2013,2013,United States,San Francisco,Cybersecurity,Accel Partners, Greylock Partners, Lowercase Capital,
Perimeter 81,$1,06/06/2022,2022,Israel,Tel Aviv,Cybersecurity,Insight Partners, Toba Capital, Spring Ventures,
InMobi,$1,12/02/2014,2014,India,Bengaluru,Mobile & telecommunications,Kleiner Perkins Caufield & Byers, Softbank Corp., Sherpalo Ventures,
LinkSure Network,$1,01/01/2015,2015,China,Shanghai,Mobile & telecommunications,N/A,,,
Red Ventures,$1,01/07/2015,2015,United States,Fort Mill,Other,Silver Lake Partners, General Atlantic,,
Lamabang,$1,03/06/2015,2015,China,Shenzhen,E-commerce & direct-to-consumer,5Y Capital, Matrix Partners China, K2VC,
FXiaoKe,$1,07/02/2015,2015,China,Beijing,Mobile & telecommunications,IDG Capital, Northern Light Venture Capital, DCM Ventures,
Vox Media,$1,08/12/2015,2015,United States,Washington,Internet software & services,Accel Partners, Comcast Ventures, General Atlantic,
Mia.com,$1,09/08/2015,2015,China,Beijing,E-commerce & direct-to-consumer,Sequoia Capital China, ZhenFund, K2 Ventures,
58 Daojia,$1,10/12/2015,2015,China,Beijing,Internet software & services,KKR, Alibaba Group, Ping An Insurance,
Womai,$1,10/12/2015,2015,China,Beijing,E-commerce & direct-to-consumer,SAIF Partners China, Baidu, IDG Capital,
iCarbonX,$1,04/12/2016,2016,China,Shenzhen,Artificial intelligence,Tencent, Vcanbio,,
SMS Assist,$1,06/07/2016,2016,United States,Chicago,Internet software & services,Goldman Sachs, Insights Venture Partners, Pritzker Group Venture Capital,
Mobvoi,$1,04/06/2017,2017,China,Beijing,Consumer & retail,Sequoia Capital China, SIG Asia Investments, ZhenFund,
Modernizing Medicine,$1,05/10/2017,2017,United States,Boca Raton,Health,Warburg Pincus, Summit Partners, Sands Capital,
DianRong,$1,08/02/2017,2017,China,Shanghai,E-commerce & direct-to-consumer,Standard Chartered, FinSight Ventures, Affirma Capital,
Cell C,$1,08/07/2017,2017,South Africa,Midrand,Mobile & telecommunications,Blue Label Telecoms, Net1 UEPS Technologies,,
Dxy.cn,$1,04/10/2018,2018,China,Hangzhou,Health,Tencent Holdings, DCM Ventures,,
China Cloud,$1,06/11/2018,2018,China,Wuxi,Hardware,V Star Capital, GF Xinde Investment Management Co., Haitong Leading Capital Management,
LinkDoc Technology,$1,07/05/2018,2018,China,Beijing,Health,China Investment Corporation, New Enterprise Associates,,
MediaMath,$1,07/10/2018,2018,United States,New York,Internet software & services,Silicon Valley Bank, QED Investors, European Founders Fund,
Movile,$1,07/12/2018,2018,Brazil,Sao Paulo,Mobile & telecommunications,Innova Capital - FIP, 3G Capital Management, Prosus Ventures,
Tresata,$1,10/10/2018,2018,United States,Charlotte,Fintech,GCP Capital Partners,,,
BitFury,$1,11/06/2018,2018,Netherlands,Amsterdam,Hardware,Georgian Co-Investment Fund, iTech Capital, Galaxy Digital,
REEF Technology,$1,12/10/2018,2018,United States,Miami,"Supply chain, logistics, & delivery",Target Global, UBS Asset Management, Mubadala Capital,
VTS,$1,05/07/2019,2019,United States,New York,Internet software & services,Trinity Ventures, Fifth Wall Ventures, OpenView Venture Partners,
Yanolja,$1,06/10/2019,2019,South Korea,Seoul,Travel,SBI Investment Korea, Partners Investment, GIC,
Ibotta,$1,08/06/2019,2019,United States,Denver,Fintech,Koch Disruptive Technologies, Teamworthy Ventures, GGV Capital,
C2FO,$1,08/07/2019,2019,United States,Leawood,Fintech,Union Square Ventures, Summerhill Venture Partners, Mithril Capital Management,
Gousto,$1.70,11/03/2020,2020,United Kingdom,London,"Supply chain, logistics, & delivery",MMC Ventures, BGF Ventures, Unilever Ventures,
Quantum Metric,$1,01/07/2021,2021,United States,Colorado Springs,Data management & analytics,Insight Partners, Bain Capital Ventures,,
News Break,$1,01/07/2021,2021,United States,Mountain View,Internet software & services,IDG Capital, Francisco Partners, ZhenFund,
MadeiraMadeira,$1,01/07/2021,2021,Brazil,Parana,E-commerce & direct-to-consumer,Flybridge Capital Partners, SoftBank Group, Monashees+,
Flash Express,$1,02/01/2021,2021,Thailand,Bangkok,"Supply chain, logistics, & delivery",SCB 10X, Krungsri Finnovate, eWTP Capital,
Aqua Security,$1,03/10/2021,2021,Israel,Ramat Gan,Cybersecurity,TLV Partners, Lightspeed Venture Partners, M12,
Hyperchain,$1,04/11/2021,2021,China,Hangzhou,Fintech,Yinhong Equity Investment Fund, E Fund, Ideal International,
The Zebra,$1,04/12/2021,2021,United States,Austin,E-commerce & direct-to-consumer,Silverton Partners, Accel, Ballast Point Ventures,
SaltPay,$1,04/09/2021,2021,United Kingdom,London,Fintech,Tiger Global Management, Hedosophia,,
XForcePlus,$1,06/01/2021,2021,China,Shanghai,Internet software & services,Eastern Bell Capital, Danhua Capital, MSA Capital,
Firefly Aerospace,$1.10,05/04/2021,2021,United States,Cedar Park,Other,XBTO Ventures, Raven One Ventures, SK Ventures,
Shift Technology,$1,05/06/2021,2021,France,Paris,Artificial intelligence,Griffin Gaming Partners, Andreessen Horowitz, Battery Ventures,
TensTorrent,$1,05/05/2021,2021,Canada,Toronto,Artificial intelligence,Eclipse Ventures, Fidelity Investments, Moore Capital Management,
Zihaiguo,$1,05/06/2021,2021,China,Chongqing,Consumer & retail,Xingwang Investment Management, China Capital Investment Group, Matrix Partners China,
Forte Labs,$1.73,05/12/2021,2021,United States,San Francisco,Fintech,Iris Capital, Accel, Elaia Partners,
Shippo,$1,06/02/2021,2021,United States,San Francisco,"Supply chain, logistics, & delivery",Version One Ventures, Uncork Capital, Bessemer Venture Partners,
Thirty Madison,$1,06/02/2021,2021,United States,New York,Health,Northzone Ventures, Maveron, Johnson & Johnson Innovation,
LetsGetChecked,$1,06/07/2021,2021,Ireland,Dublin,Health,Optum Ventures, Qiming Venture Partners, Transformation Capital,
EcoFlow,$1,06/10/2021,2021,China,Shenzhen,Hardware,Delian Capital, China International Capital Corporation, Sequoia Capital China,
Morning Consult,$1,06/08/2021,2021,United States,Washington DC,Internet software & services,Advance Venture Partners, Susquehanna Growth Equity, Lupa Systems,
MobileCoin,$1.06,07/07/2021,2021,United States,San Francisco,Fintech,General Catalyst, Future Ventures, AU21,
Xiaobing,$1,07/12/2021,2021,China,Beijing,Fintech,NetEase Capital, Northern Light Venture Capital, Microsoft,
dMed Biopharmaceutical,$1,07/12/2021,2021,China,Shanghai,Health,Qiming Venture Partners, Vivo Capital, Sequoia Capital China,
Human Interest,$1,08/04/2021,2021,United States,San Francisco,Fintech,Wing Venture Capital, Slow Ventures, Uncork Capital,
Bluecore,$1,08/05/2021,2021,United States,New York,Artificial intelligence,FirstMark Capital, Georgian Partners, Norwest Venture Partners,
Freshbooks,$1,08/10/2021,2021,Canada,Toronto,Fintech,Accomplice, Oak Investment Partners, Georgian Partners,
Snorkel AI,$1,08/09/2021,2021,United States,Palo Alto,Artificial intelligence,Greylock Partners, Google Ventures, BlackRock,
Berlin Brands Group,$1,09/01/2021,2021,Germany,Berlin,E-commerce & direct-to-consumer,Ardian, Bain Capital,,
Agile Robots,$1,09/09/2021,2021,Germany,Munich,Hardware,Hillhouse Capital Management, Sequoia Capital China, Linear Venture,
Mammoth Biosciences,$1,09/09/2021,2021,United States,Brisbane,Health,NFX, Plum Alley, Mayfield,
Orchard,$1,09/09/2021,2021,United States,New York,Fintech,Accomplice, Juxtapose, FirstMark Capital,
Ajaib,$1,10/04/2021,2021,Indonesia,Jakarta,Fintech,Softbank Ventures Asia, Alpha JWC Ventures, Insignia Ventures Partners,
Licious,$1,10/05/2021,2021,India,Bengaluru,E-commerce & direct-to-consumer,3one4 Capital Partners, Bertelsmann India Investments, Vertex Ventures SE Asia,
Masterworks,$1,10/05/2021,2021,United States,New York,Fintech,Left Lane Capital, Galaxy Interactive, Tru Arrow Partners,
Chronosphere,$1,10/07/2021,2021,United States,New York,Data management & analytics,Greylock Partners, Lux Capital, General Atlantic,
Solo.io,$1,10/07/2021,2021,United States,Cambridge,Internet software & services,True Ventures, Altimeter Capital, Redpoint Ventures,
Savage X Fenty,$1,02/10/2021,2021,United States,El Segundo,E-commerce & direct-to-consumer,Speedinvest, Valar Ventures, Uniqa Ventures,
Swile,$1,10/11/2021,2021,France,Montpellier,Fintech,Index Ventures, IDInvest Partners, Daphni,
Moka,$1,11/02/2021,2021,China,Beijing,Internet software & services,GGV Capital, GSR Ventures, FreesFund,
Tezign,$1,11/02/2021,2021,China,Shanghai,Internet software & services,Sequoia Capital China, Linear Venture, Hearst Ventures,
Vagaro,$1,11/03/2021,2021,United States,Dublin,Internet software & services,FTV Capital,,,
Drata,$1,11/08/2021,2021,United States,San Diego,Cybersecurity,Cowboy Ventures, Leaders Fund, GGV Capital,
Razor,$1,11/08/2021,2021,Germany,Berlin,Consumer & retail,Global Founders Capital, 468 Capital, Redalpine Venture Partners,
IGAWorks,$1,11/08/2021,2021,South Korea,Seoul,Internet software & services,Korea Investment Private Equity, Atinum Investment, Korea Investment Partners,
OpenWeb,$1,11/09/2021,2021,United States,New York,Internet software & services,Insight Partners, AltaIR Capital, Norma Investments,
Contrast Security,$1,11/09/2021,2021,United States,Los Altos,Cybersecurity,Acero Capital, General Catalyst, M12,
Wrapbook,$1,11/10/2021,2021,United States,New York,Fintech,Equal Ventures, Uncork Capital, Andreessen Horowitz,
Gaussian Robotics,$1.10,11/10/2021,2021,China,Shanghai,Hardware,BlueRun Ventures, Grand Flight Investment, Meituan Dianping,
Clara,$1,12/06/2021,2021,Mexico,Mexico City,Fintech,DST Global, General Catalyst, Monashees+,
YipitData,$1,12/06/2021,2021,United States,New York,Internet software & services,RRE Ventures+, Highland Capital Partners, The Carlyle Group,
Anyscale,$1,12/07/2021,2021,United States,Berkeley,Artificial Intelligence,Andreessen Horowitz, Intel Capital, Foundation Capital,
Iodine Software,$1,12/01/2021,2021,United States,Austin,Data management & analytics,Advent International, Bain Capital Ventures, Silversmith Capital Partners,
ReliaQuest,$1,12/01/2021,2021,United States,Tampa,Cybersecurity,KKR, FTV Capital, Ten Eleven Ventures,
Pet Circle,$1,12/06/2021,2021,Australia,Alexandria,E-commerce & direct-to-consumer,Prysm Capital, Baillie Gifford & Co., TDM Growth Partners,
Lydia,$1,12/08/2021,2021,France,Paris,Fintech,NewAlpha, XAnge Private Equity, Tencent Holdings,
SellerX,$1,12/09/2021,2021,Germany,Berlin,E-commerce & direct-to-consumer,Cherry Ventures, Felix Capital, 83North,
Fractal Analytics,$1,01/05/2022,2022,India,Mumbai,Data management & analytics,TPG Capital, Apax Partners, TA Associates,
Assent,$1,01/06/2022,2022,Canada,Ottawa,"Supply chain, logistics, & delivery",Vista Equity Partners, Warburg Pincus, First Ascent Ventures,
Placer.ai,$1,01/12/2022,2022,United States,Los Altos,Artificial intelligence,Fifth Wall Ventures, JBV Capital, Array Ventures,
Pentera,$1,01/11/2022,2022,Israel,Petah Tikva,Cybersecurity,AWZ Ventures, Blackstone, Insight Partners,
Betterfly,$1,02/01/2022,2022,Chile,Santiago,Artificial intelligence,QED Investors, DST Global, Endeavor,
Dune Analytics,$1,02/02/2022,2022,Norway,Oslo,Data management & analytics,Multicoin Capital, Coatue Management, Dragonfly Capital Partners,
Scandit,$1,02/09/2022,2022,Switzerland,Zurich,"Supply chain, logistics, & delivery",Atomico, NGP Capital, Google Ventures,
Watershed,$1,02/08/2022,2022,United States,San Francisco,Internet software & services,Kleiner Perkins Caufield & Byers, Sequoia Capital,,
Gauntlet Networks,$1,03/07/2022,2022,United States,New York,Fintech,Polychain Capital, Paradigm, Ribbit Capital,
BostonGene,$1,04/06/2022,2022,United States,Waltham,Health,Japan Industrial Partners, Impact Investment Capital, NEC,
Grover,$1,04/07/2022,2022,Germany,Berlin,E-commerce & direct-to-consumer,Varengold Bank, Circularity Capital, Coparion,
Genies,$1,04/12/2022,2022,United States,Venice,Internet software & services,New Enterprise Associates, Tull Investment Group, Silver Lake,
Open,$1,05/02/2022,2022,India,Bengaluru,Fintech,3one4 Capital Partners, Tiger Global Management, Temasek,
Polarium,$1,05/03/2022,2022,Sweden,Kista,Other,AMF Pensionsforsakring,,,
Opn,$1,05/09/2022,2022,Japan,Tokyo,Fintech,Sinar Mas Digital Ventures, JIC Venture Growth Investments, Golden Gate Ventures,
Remarkable,$1,05/10/2022,2022,Norway,Oslo,Internet software & services,Spark Capital,,,
Habi,$1,05/11/2022,2022,Colombia,Bogota,Fintech,Homebrew, Inspired Capital, Tiger Global Management,
CareBridge,$1,06/08/2022,2022,United States,Nashville,Health,Bain Capital Ventures, Splunk Ventures, Cisco Investments,
Immuta,$1,06/08/2022,2022,United States,Boston,Data management & analytics,DFJ Growth Fund, Dell Technologies Capital, Ten Eleven Ventures,
JupiterOne,$1,06/02/2022,2022,United States,Morrisville,Cybersecurity,Bain Capital Ventures, Splunk Ventures, Cisco Investments,
Vayyar,$1,06/06/2022,2022,Israel,Yehud,Hardware,Battery Ventures, Bessemer Venture Partners, MoreVC,
VulcanForms,$1,07/05/2022,2022,United States,Burlington,"Supply chain, logistics, & delivery",Eclipse Ventures, D1 Capital Partners, Industry Ventures,
SingleStore,$1,07/12/2022,2022,United States,San Francisco,Data management & analytics,Google Ventures, Accel, Data Collective,